<?xml version="1.0" encoding="utf-8"?>
<objects xmlns="http://www.springactionscript.org/schema/objects"
		 xmlns:xsi="http://www.w3.org/2001/XMLSchema-instance"
		 xmlns:context="http://www.springactionscript.org/schema/context"
		 xsi:schemaLocation="http://www.springactionscript.org/schema/objects http://www.springactionscript.org/schema/objects/spring-actionscript-objects-1.0.xsd
		http://www.springactionscript.org/schema/context http://www.springactionscript.org/schema/context/spring-actionscript-context-1.0.xsd">

	<context:metadata-config/>
	<context:component-scan/>
	
<!--	
	<object id="autowiringStageProcessor" class="org.springextensions.actionscript.stage.DefaultAutowiringStageProcessor"/>
	
	<object id="statusView" class="be.tradelec.view.StatusView">
		<property name="defaultService" ref="defaultService"/>
	</object>
	
	<object id="defaultService" class="be.tradelec.dev.infrastructure.service.DefaultService">
		<constructor-arg value="defaultService"/>
		<constructor-arg value="autopermit"/>
	</object>-->
	
<!-- 	<object id="baseEntityComponent" class="be.tradelec.autopermit.model.BaseEntityComponent"/> -->
<!-- 	<object id="Area" class="be.tradelec.autopermit.model.Area"> -->
<!-- 		<property name="base" ref="baseEntityComponent"/> -->
<!-- 	</object> -->
		
</objects>