<?xml version="1.0" encoding="UTF-8" standalone="no"?>
<flex-config xmlns="http://www.adobe.com/2006/flex-config">
	<includes append="true">
	<symbol>be.tradelec.presentation.divcache.DivCacheView</symbol>
    <symbol>be.tradelec.presentation.regionprovince.RegionProvinceView</symbol>
    <symbol>be.tradelec.presentation.person.PersonView</symbol>
    <symbol>be.tradelec.presentation.permittype.PermitTypeView</symbol>
    <symbol>be.tradelec.presentation.vehiclebrandtype.VehicleBrandTypeView</symbol>
    <symbol>be.tradelec.presentation.companytype.CompanyTypeView</symbol>
    <symbol>be.tradelec.presentation.eidaddress.EidAddressView</symbol>
    <symbol>be.tradelec.presentation.account.AccountView</symbol>
    <symbol>be.tradelec.presentation.tradtranslation.TradTranslationView</symbol>
    <symbol>be.tradelec.presentation.city.CityView</symbol>
    <symbol>be.tradelec.presentation.durationcosttype.DurationCostTypeView</symbol>
    <symbol>be.tradelec.presentation.holder.HolderView</symbol>
    <symbol>be.tradelec.presentation.street.StreetView</symbol>
    <symbol>be.tradelec.presentation.vehicle.VehicleView</symbol>
    <symbol>be.tradelec.presentation.phonenr.PhoneNrView</symbol>
    <symbol>be.tradelec.presentation.durationcost.DurationCostView</symbol>
    <symbol>be.tradelec.presentation.userdetailsadapter.UserDetailsAdapterView</symbol>
    <symbol>be.tradelec.presentation.family.FamilyView</symbol>
    <symbol>be.tradelec.presentation.vehiclebrand.VehicleBrandView</symbol>
    <symbol>be.tradelec.presentation.tradowner.TradOwnerView</symbol>
    <symbol>be.tradelec.presentation.bankaccount.BankAccountView</symbol>
    <symbol>be.tradelec.presentation.address.AddressView</symbol>
    <symbol>be.tradelec.presentation.vehiclecolor.VehicleColorView</symbol>
    <symbol>be.tradelec.presentation.familyrelation.FamilyRelationView</symbol>
    <symbol>be.tradelec.presentation.log.LogView</symbol>
    <symbol>be.tradelec.presentation.permithaspermittypeproperty.PermitHasPermitTypePropertyView</symbol>
    <symbol>be.tradelec.presentation.payment.PaymentView</symbol>
    <symbol>be.tradelec.presentation.country.CountryView</symbol>
    <symbol>be.tradelec.presentation.durationstatus.DurationStatusView</symbol>
    <symbol>be.tradelec.presentation.branche.BrancheView</symbol>
    <symbol>be.tradelec.presentation.customer.CustomerView</symbol>
    <symbol>be.tradelec.presentation.accountrole.AccountRoleView</symbol>
    <symbol>be.tradelec.presentation.tradlanguage.TradLanguageView</symbol>
    <symbol>be.tradelec.presentation.permit.PermitView</symbol>
    <symbol>be.tradelec.presentation.eiddata.EidDataView</symbol>
    <symbol>be.tradelec.presentation.nationality.NationalityView</symbol>
    <symbol>be.tradelec.presentation.duration.DurationView</symbol>
    <symbol>be.tradelec.presentation.permittypeproperty.PermitTypePropertyView</symbol>
    <symbol>be.tradelec.presentation.area.AreaView</symbol>
    <symbol>be.tradelec.presentation.company.CompanyView</symbol>
    <symbol>be.tradelec.presentation.familyhasperson.FamilyHasPersonView</symbol>
    <symbol>be.tradelec.presentation.permitrequest.PermitRequestView</symbol>
    <symbol>be.tradelec.presentation.period.PeriodView</symbol>
    <symbol>be.tradelec.presentation.permittypepropertyvalue.PermitTypePropertyValueView</symbol>
    </includes>
</flex-config>
