<?xml version="1.0" encoding="UTF-8" standalone="no"?>
<project xmlns="http://maven.apache.org/POM/4.0.0" xmlns:xsi="http://www.w3.org/2001/XMLSchema-instance" xsi:schemaLocation="http://maven.apache.org/POM/4.0.0 http://maven.apache.org/maven-v4_0_0.xsd">
	<modelVersion>4.0.0</modelVersion>
	<groupId>be.tradelec</groupId>
	<artifactId>tradelec</artifactId>
	<packaging>war</packaging>
	<version>0.1.0.BUILD-SNAPSHOT</version>
	<name>tradelec</name>
	<properties>
		<roo.version>1.1.1.RELEASE</roo.version>
		<spring.version>3.0.5.RELEASE</spring.version>
		<aspectj.version>1.6.11.M1</aspectj.version>
		<slf4j.version>1.6.1</slf4j.version>
		<project.build.sourceEncoding>UTF-8</project.build.sourceEncoding>
	</properties>
	<repositories>
        <repository>
            <id>spring-maven-release</id>
            <name>Spring Maven Release Repository</name>
            <url>http://maven.springframework.org/release</url>
        </repository>
        <repository>
            <id>spring-maven-milestone</id>
            <name>Spring Maven Milestone Repository</name>
            <url>http://maven.springframework.org/milestone</url>
        </repository>
        <repository>
            <id>spring-roo-repository</id>
            <name>Spring Roo Repository</name>
            <url>http://spring-roo-repository.springsource.org/release</url>
        </repository>
	<repository>
            <id>spring-external</id>
            <url>http://maven.springframework.org/external</url>
            <name>Spring External Repository</name>
        </repository>
    <repository>
            <id>flex</id>
            <url>http://repository.sonatype.org/content/groups/flexgroup</url>
            <name>Sonatype Flex Repo</name>
        </repository>
    <repository>
            <id>JBoss Repo</id>
            <url>https://repository.jboss.org/nexus/content/repositories/releases</url>
            <name>JBoss Repo</name>
        </repository>
    </repositories>
    <pluginRepositories>
        <pluginRepository>
            <id>spring-maven-release</id>
            <name>Spring Maven Release Repository</name>
            <url>http://maven.springframework.org/release</url>
        </pluginRepository>
        <pluginRepository>
            <id>spring-maven-milestone</id>
            <name>Spring Maven Milestone Repository</name>
            <url>http://maven.springframework.org/milestone</url>
        </pluginRepository>
        <pluginRepository>
            <id>spring-roo-repository</id>
            <name>Spring Roo Repository</name>
            <url>http://spring-roo-repository.springsource.org/release</url>
        </pluginRepository>
    </pluginRepositories>
	<dependencies>
        <!-- General dependencies for standard applications -->
        <dependency>
            <groupId>junit</groupId>
            <artifactId>junit</artifactId>
            <version>4.8.1</version>
            <scope>test</scope>
        </dependency>
        <dependency>
            <groupId>log4j</groupId>
            <artifactId>log4j</artifactId>
            <version>1.2.16</version>
        </dependency>
        <dependency>
            <groupId>org.slf4j</groupId>
            <artifactId>slf4j-api</artifactId>
            <version>${slf4j.version}</version>
        </dependency>
        <dependency>
            <groupId>org.slf4j</groupId>
            <artifactId>jcl-over-slf4j</artifactId>
            <version>${slf4j.version}</version>
        </dependency>
        <dependency>
            <groupId>org.slf4j</groupId>
            <artifactId>slf4j-log4j12</artifactId>
            <version>${slf4j.version}</version>
        </dependency>
        <dependency>
            <groupId>org.aspectj</groupId>
            <artifactId>aspectjrt</artifactId>
            <version>${aspectj.version}</version>
        </dependency>
        <dependency>
            <groupId>org.aspectj</groupId>
            <artifactId>aspectjweaver</artifactId>
            <version>${aspectj.version}</version>
        </dependency>
        <dependency>
            <groupId>javax.servlet</groupId>
            <artifactId>servlet-api</artifactId>
            <version>2.5</version>
            <scope>provided</scope>
        </dependency>
        <dependency>
            <groupId>net.sf.flexjson</groupId>
            <artifactId>flexjson</artifactId>
            <version>2.0</version>
        </dependency>
        <!-- ROO dependencies -->
        <dependency>
            <groupId>org.springframework.roo</groupId>
            <artifactId>org.springframework.roo.annotations</artifactId>
            <version>${roo.version}</version>
            <scope>provided</scope>
        </dependency>
        <!-- Spring dependencies -->
        <dependency>
            <groupId>org.springframework</groupId>
            <artifactId>spring-core</artifactId>
            <version>${spring.version}</version>
            <exclusions>
                <exclusion>
                    <groupId>commons-logging</groupId>
                    <artifactId>commons-logging</artifactId>
                </exclusion>
            </exclusions>
        </dependency>
        <dependency>
            <groupId>org.springframework</groupId>
            <artifactId>spring-test</artifactId>
            <version>${spring.version}</version>
            <scope>test</scope>
            <exclusions>
                <exclusion>
                    <groupId>commons-logging</groupId>
                    <artifactId>commons-logging</artifactId>
                </exclusion>
            </exclusions>
        </dependency>
        <dependency>
            <groupId>org.springframework</groupId>
            <artifactId>spring-context</artifactId>
            <version>${spring.version}</version>
        </dependency>
        <dependency>
            <groupId>org.springframework</groupId>
            <artifactId>spring-aop</artifactId>
            <version>${spring.version}</version>
        </dependency>
        <dependency>
            <groupId>org.springframework</groupId>
            <artifactId>spring-aspects</artifactId>
            <version>${spring.version}</version>
        </dependency>
        <dependency>
            <groupId>org.springframework</groupId>
            <artifactId>spring-tx</artifactId>
            <version>${spring.version}</version>
        </dependency>
        <dependency>
            <groupId>org.springframework</groupId>
            <artifactId>spring-web</artifactId>
            <version>${spring.version}</version>
            <exclusions>
                <exclusion>
                    <groupId>commons-logging</groupId>
                    <artifactId>commons-logging</artifactId>
                </exclusion>
            </exclusions>
        </dependency>
        <dependency>
            <groupId>org.springframework</groupId>
            <artifactId>spring-webmvc</artifactId>
            <version>${spring.version}</version>
            <exclusions>
                <exclusion>
                    <groupId>commons-logging</groupId>
                    <artifactId>commons-logging</artifactId>
                </exclusion>
            </exclusions>
        </dependency>
        <dependency>
            <groupId>org.springframework.webflow</groupId>
            <artifactId>spring-js-resources</artifactId>
            <version>2.2.1.RELEASE</version>
        </dependency>
        <dependency>
            <groupId>commons-digester</groupId>
            <artifactId>commons-digester</artifactId>
            <version>2.0</version>
            <exclusions>
                <exclusion>
                    <groupId>commons-logging</groupId>
                    <artifactId>commons-logging</artifactId>
                </exclusion>
            </exclusions>
        </dependency>
        <dependency>
            <groupId>commons-fileupload</groupId>
            <artifactId>commons-fileupload</artifactId>
            <version>1.2.1</version>
            <exclusions>
                <exclusion>
                    <groupId>commons-logging</groupId>
                    <artifactId>commons-logging</artifactId>
                </exclusion>
            </exclusions>
        </dependency>
        <dependency>
            <groupId>javax.servlet</groupId>
            <artifactId>jstl</artifactId>
            <version>1.2</version>
        </dependency>
        <dependency>
            <groupId>javax.el</groupId>
            <artifactId>el-api</artifactId>
            <version>1.0</version>
            <scope>provided</scope>
        </dependency>
        <dependency>
            <groupId>joda-time</groupId>
            <artifactId>joda-time</artifactId>
            <version>1.6</version>
        </dependency>
        <dependency>
            <groupId>javax.servlet.jsp</groupId>
            <artifactId>jsp-api</artifactId>
            <version>2.1</version>
            <scope>provided</scope>
        </dependency>
        <dependency>
            <groupId>com.adobe.flex.framework</groupId>
            <artifactId>flex-framework</artifactId>
            <version>4.0.0.14159</version>
            <type>pom</type>
        </dependency>
        <dependency>
            <groupId>org.springframework.flex</groupId>
            <artifactId>spring-flex-core</artifactId>
            <version>1.5.0.BUILD-SNAPSHOT</version>
        </dependency>
        <dependency>
            <groupId>org.springframework.flex.roo.addon</groupId>
            <artifactId>org.springframework.flex.roo.annotations</artifactId>
            <version>1.0.0.BUILD-SNAPSHOT</version>
        </dependency>
    <dependency>
            <groupId>mysql</groupId>
            <artifactId>mysql-connector-java</artifactId>
            <version>5.1.13</version>
        </dependency>
        <dependency>
            <groupId>org.hibernate</groupId>
            <artifactId>hibernate-core</artifactId>
            <version>3.6.0.Final</version>
        </dependency>
        <dependency>
            <groupId>org.hibernate</groupId>
            <artifactId>hibernate-entitymanager</artifactId>
            <version>3.6.0.Final</version>
            <exclusions>
                <exclusion>
                    <groupId>cglib</groupId>
                    <artifactId>cglib</artifactId>
                </exclusion>
                <exclusion>
                    <groupId>dom4j</groupId>
                    <artifactId>dom4j</artifactId>
                </exclusion>
            </exclusions>
        </dependency>
        <dependency>
            <groupId>org.hibernate.javax.persistence</groupId>
            <artifactId>hibernate-jpa-2.0-api</artifactId>
            <version>1.0.0.Final</version>
        </dependency>
        <dependency>
            <groupId>org.hibernate</groupId>
            <artifactId>hibernate-validator</artifactId>
            <version>4.1.0.Final</version>
            <exclusions>
                <exclusion>
                    <groupId>javax.xml.bind</groupId>
                    <artifactId>jaxb-api</artifactId>
                </exclusion>
                <exclusion>
                    <groupId>com.sun.xml.bind</groupId>
                    <artifactId>jaxb-impl</artifactId>
                </exclusion>
            </exclusions>
        </dependency>
        <dependency>
            <groupId>javax.validation</groupId>
            <artifactId>validation-api</artifactId>
            <version>1.0.0.GA</version>
        </dependency>
        <dependency>
            <groupId>cglib</groupId>
            <artifactId>cglib-nodep</artifactId>
            <version>2.2</version>
        </dependency>
        <dependency>
            <groupId>javax.transaction</groupId>
            <artifactId>jta</artifactId>
            <version>1.1</version>
        </dependency>
        <dependency>
            <groupId>org.springframework</groupId>
            <artifactId>spring-jdbc</artifactId>
            <version>${spring.version}</version>
        </dependency>
        <dependency>
            <groupId>org.springframework</groupId>
            <artifactId>spring-orm</artifactId>
            <version>${spring.version}</version>
        </dependency>
        <dependency>
            <groupId>commons-pool</groupId>
            <artifactId>commons-pool</artifactId>
            <version>1.5.4</version>
            <exclusions>
                <exclusion>
                    <groupId>commons-logging</groupId>
                    <artifactId>commons-logging</artifactId>
                </exclusion>
            </exclusions>
        </dependency>
        <dependency>
            <groupId>commons-dbcp</groupId>
            <artifactId>commons-dbcp</artifactId>
            <version>1.3</version>
            <exclusions>
                <exclusion>
                    <groupId>commons-logging</groupId>
                    <artifactId>commons-logging</artifactId>
                </exclusion>
                <exclusion>
                    <groupId>commons-pool</groupId>
                    <artifactId>commons-pool</artifactId>
                </exclusion>
                <exclusion>
                    <groupId>xerces</groupId>
                    <artifactId>xerces</artifactId>
                </exclusion>
                <exclusion>
                    <groupId>xerces</groupId>
                    <artifactId>xercesImpl</artifactId>
                </exclusion>
                <exclusion>
                    <groupId>xml-apis</groupId>
                    <artifactId>xml-apis</artifactId>
                </exclusion>
            </exclusions>
        </dependency>
    </dependencies>
	<build>
		<plugins>
            <plugin>
                <groupId>org.apache.maven.plugins</groupId>
                <artifactId>maven-war-plugin</artifactId>
                <version>2.1-beta-1</version>
                <configuration>
                	<warName>tradelec</warName>
                </configuration>
                <!--
					<configuration> <webXml>target/web.xml</webXml> </configuration>
				-->
            </plugin>
            <plugin>
                <groupId>org.apache.maven.plugins</groupId>
                <artifactId>maven-compiler-plugin</artifactId>
                <version>2.1</version>
                <configuration>
                    <source>1.6</source>
                    <target>1.6</target>
                    <encoding>UTF-8</encoding>
                </configuration>
            </plugin>
            <plugin>
                <groupId>org.codehaus.mojo</groupId>
                <artifactId>aspectj-maven-plugin</artifactId>
                <version>1.0</version>
                <dependencies>
                    <!-- NB: You must use Maven 2.0.9 or above or these are ignored (see MNG-2972) -->
                    <dependency>
                        <groupId>org.aspectj</groupId>
                        <artifactId>aspectjrt</artifactId>
                        <version>${aspectj.version}</version>
                    </dependency>
                    <dependency>
                        <groupId>org.aspectj</groupId>
                        <artifactId>aspectjtools</artifactId>
                        <version>${aspectj.version}</version>
                    </dependency>
                </dependencies>
                <executions>
                    <execution>
                        <goals>
                            <goal>compile</goal>
                            <goal>test-compile</goal>
                        </goals>
                    </execution>
                </executions>
                <configuration>
                    <outxml>true</outxml>
                    <aspectLibraries>
                        <aspectLibrary>
                            <groupId>org.springframework</groupId>
                            <artifactId>spring-aspects</artifactId>
                        </aspectLibrary>
                    </aspectLibraries>
                    <source>1.6</source>
                    <target>1.6</target>
                </configuration>
            </plugin>
            <plugin>
                <groupId>org.apache.maven.plugins</groupId>
                <artifactId>maven-resources-plugin</artifactId>
                <version>2.4.2</version>
                <configuration>
                    <encoding>UTF-8</encoding>
                </configuration>
            </plugin>
            <plugin>
                <groupId>org.apache.maven.plugins</groupId>
                <artifactId>maven-surefire-plugin</artifactId>
                <version>2.5</version>
                <configuration>
                    <excludes>
                        <exclude>**/*_Roo_*</exclude>
                    </excludes>
                </configuration>
            </plugin>
            <plugin>
                <groupId>org.apache.maven.plugins</groupId>
                <artifactId>maven-assembly-plugin</artifactId>
                <version>2.2-beta-5</version>
                <configuration>
                    <descriptorRefs>
                        <descriptorRef>jar-with-dependencies</descriptorRef>
                    </descriptorRefs>
                </configuration>
            </plugin>
            <plugin>
                <groupId>org.apache.maven.plugins</groupId>
                <artifactId>maven-deploy-plugin</artifactId>
                <version>2.5</version>
            </plugin>
            <!-- IDE -->
            <plugin>
                <groupId>org.apache.maven.plugins</groupId>
                <artifactId>maven-idea-plugin</artifactId>
                <version>2.2</version>
                <configuration>
                    <downloadSources>true</downloadSources>
                    <dependenciesAsLibraries>true</dependenciesAsLibraries>
                </configuration>
            </plugin>
            <plugin>
                <groupId>org.codehaus.mojo</groupId>
                <artifactId>tomcat-maven-plugin</artifactId>
                <version>1.1</version>
            </plugin>
            <plugin>
                <groupId>org.mortbay.jetty</groupId>
                <artifactId>jetty-maven-plugin</artifactId>
                <version>7.2.2.v20101205</version>
                <configuration>
                    <webAppConfig>
                        <contextPath>/${project.name}</contextPath>
                    </webAppConfig>
                </configuration>
            </plugin>
          <!--   <plugin>
                <groupId>org.sonatype.flexmojos</groupId>
                <artifactId>flexmojos-maven-plugin</artifactId>
                <version>3.7.1</version>
                <executions>
                    <execution>
                        <id>compile-scaffold-swf</id>
                        <phase>process-resources</phase>
                        <goals>
                            <goal>compile-swf</goal>
                        </goals>
                        <configuration>
                            <incremental>true</incremental>
                            <sourceFile>${basedir}/src/main/flex/${project.name}_scaffold.mxml</sourceFile>
                            <sourcePaths>
                                <path>${basedir}/src/main/flex</path>
                            </sourcePaths>
                            <output>${basedir}/src/main/webapp/${project.name}_scaffold.swf</output>
                            <contextRoot>/${project.build.finalName}</contextRoot>
                            <services>${basedir}/src/main/webapp/WEB-INF/flex/services-config.xml</services>
                            <debug>true</debug>
                        </configuration>
                    </execution>
                </executions>
                <dependencies>
                    <dependency>
                        <groupId>com.adobe.flex</groupId>
                        <artifactId>compiler</artifactId>
                        <version>4.0.0.14159</version>
                        <type>pom</type>
                    </dependency>
                </dependencies>
            </plugin> -->
            <plugin>
                <groupId>org.apache.maven.plugins</groupId>
                <artifactId>maven-eclipse-plugin</artifactId>
                <version>2.7</version>
                <configuration>
                    <downloadSources>true</downloadSources>
                    <downloadJavadocs>false</downloadJavadocs>
                    <wtpversion>2.0</wtpversion>
                    <additionalBuildcommands>
                        <buildCommand>
                            <name>com.adobe.flexbuilder.project.flexbuilder</name>
                        </buildCommand>
                        <buildCommand>
                            <name>org.eclipse.ajdt.core.ajbuilder</name>
                            <arguments>
                                <aspectPath>org.springframework.aspects</aspectPath>
                            </arguments>
                        </buildCommand>
                        <buildCommand>
                            <name>org.springframework.ide.eclipse.core.springbuilder</name>
                        </buildCommand>
                    </additionalBuildcommands>
                    <additionalProjectnatures>
                        <projectnature>org.eclipse.ajdt.ui.ajnature</projectnature>
                        <projectnature>com.springsource.sts.roo.core.nature</projectnature>
                        <projectnature>org.springframework.ide.eclipse.core.springnature</projectnature>
                        <projectnature>com.adobe.flexbuilder.project.flexnature</projectnature>
                        <projectnature>com.adobe.flexbuilder.project.actionscriptnature</projectnature>
                    </additionalProjectnatures>
                </configuration>
            </plugin>
        </plugins>
	</build>
</project>
